{"cameraMode":{"drawMode":0,"name":"Shaded","section":"Shading Mode"},"sceneLighting":true,"audioPlay":false,"sceneViewState":{"showFog":true,"showMaterialUpdate":true,"showSkybox":true,"showFlares":true,"showImageEffects":true,"showParticleSystems":true},"in2DMode":false,"pivot":{"x":0.523018479347229,"y":5.926202774047852,"z":100.03221130371094},"rotation":{"x":0.015997610986232759,"y":0.016681771725416185,"z":-0.0002776012697722763,"w":0.9997559785842896},"size":7.310483455657959,"orthographic":false}